onset	duration	trial_type	eye_onset
0.1673253795	300	100	NaN
300.1713308116	0	101	NaN
300.7661142275	300	102	0
600.7681180612	0	103	0
