onset	duration	trial_type	eye_onset
0.1944928041	300	100	4337442
300.1974924078	0	101	4341845
300.8308853475	300	102	0
600.8338849512	0	103	0
