onset	duration	trial_type	eye_onset
0.4989471563	300	119	7287501
300.5019467601	0	120	7290186
301.1070015171	300	121	0
601.1079995223	0	122	0
