onset	duration	trial_type	eye_onset
0.1720628312	300	100	176709
300.1780698618	0	101	177727
300.7648593128	300	102	0
600.7678589165	0	103	0
