onset	duration	trial_type	eye_onset
0.4993327186	300	119	2916925
300.5023323224	0	120	2920679
301.1071359999	300	121	0
601.1081440635	0	122	0
