onset	duration	trial_type	eye_onset
0.4994734077	300	119	5264740
300.5014772414	0	120	5267162
301.0894344471	300	121	0
601.0904324523	0	122	0
