onset	duration	trial_type	eye_onset
0.4766276648	300	100	6832114
300.4806230386	0	101	6834379
301.3518506849	300	102	0
601.3538444602	0	103	0
