onset	duration	trial_type	eye_onset
0.1987172832	300	100	663290
300.2027227154	0	101	665909
300.7939689637	300	102	0
600.7969685675	0	103	0
