onset	duration	trial_type	eye_onset
0.4985504649	300	100	15278296
300.5015500686	0	101	15280707
301.999608548	300	102	0
602.0016123817	0	103	0
