onset	duration	trial_type	eye_onset
0.4991122802	300	100	8506326
300.5031076541	0	101	8508993
302.2787787442	300	102	0
602.2807725196	0	103	0
