onset	duration	trial_type	eye_onset
0.3968956491	300	100	3880427
300.401886793	0	101	3883560
301.6100250407	300	102	0
601.611023046	0	103	0
