onset	duration	trial_type	eye_onset
0.1870396158	300	100	4377240
300.192040818	0	101	4378101
300.7898927588	300	102	0
600.7918965925	0	103	0
