onset	duration	trial_type	eye_onset
0.1728574356	300	100	14020817
300.1778586378	0	101	14023676
300.7784421508	300	102	0
600.7804459845	0	103	0
