onset	duration	trial_type	eye_onset
0.2019258758	300	100	1821686
300.206927078	0	101	1824176
300.8120303674	300	102	0
600.8140241427	0	103	0
