onset	duration	trial_type	eye_onset
0.4988244522	300	119	18526257
300.5018240559	0	120	18527211
301.08750895	300	121	0
601.0895127836	0	122	0
