onset	duration	trial_type	eye_onset
0.4994075754	300	119	18337144
300.501411409	0	120	18340120
301.1279634781	300	121	0
601.1299673117	0	122	0
