onset	duration	trial_type	eye_onset
0.1595503261	300	100	11416125
300.1625499299	0	101	11419626
300.7461999196	300	102	0
600.7491995233	0	103	0
