onset	duration	trial_type	eye_onset
0.4994902316	300	119	4469897
300.5024898354	0	120	4473179
301.089956457	300	121	0
601.0919602907	0	122	0
