onset	duration	trial_type	eye_onset
0.4990885743	300	100	3140208
300.5040897765	0	101	3141699
301.4361718246	300	102	0
601.4381756582	0	103	0
