onset	duration	trial_type	eye_onset
0.4991018351	300	119	9618661
300.5011056688	0	120	9621905
301.0777744136	300	121	0
601.0797782472	0	122	0
