onset	duration	trial_type	eye_onset
0.1669934561	300	100	10687029
300.1719946584	0	101	10688223
300.7485377715	300	102	0
600.7505416051	0	103	0
