onset	duration	trial_type	eye_onset
0.499137575	300	119	9558087
300.5021371788	0	120	9560861
301.0885089724	300	121	0
601.0905128061	0	122	0
