onset	duration	trial_type	eye_onset
0.4990216886	300	119	5167136
300.5020212923	0	120	5168678
301.0885289986	300	121	0
601.0905328323	0	122	0
