onset	duration	trial_type	eye_onset
0.1814975014	300	100	25527687
300.1844971051	0	101	25528470
300.7882413868	300	102	0
600.7902351621	0	103	0
