onset	duration	trial_type	eye_onset
0.205798315	300	100	12081374
300.2077920904	0	101	12082929
300.8180113617	300	102	0
600.8200151954	0	103	0
