onset	duration	trial_type	eye_onset
0.2127687057	300	100	2212402
300.2167640796	0	101	2213706
300.839061517	300	102	0
600.8410653507	0	103	0
