onset	duration	trial_type	eye_onset
0.1916764846	300	100	22757995
300.1966676285	0	101	22760432
300.8023476592	300	102	0
600.8043514929	0	103	0
