onset	duration	trial_type	eye_onset
0.4985964119	300	119	5239327
300.5015960157	0	120	5242135
301.1024777369	300	121	0
601.1034757422	0	122	0
