onset	duration	trial_type	eye_onset
0.1623968204	300	100	2265039
300.1664022526	0	101	2265726
300.7512208335	300	102	0
600.7542204373	0	103	0
