onset	duration	trial_type	eye_onset
0.2198095044	300	100	3166057
300.2248107066	0	101	3167121
300.8253525078	300	102	0
600.8273563415	0	103	0
