onset	duration	trial_type	eye_onset
0.1845451614	300	100	15602996
300.1895463636	0	101	15605901
300.7903989654	300	102	0
600.7914070289	0	103	0
