onset	duration	trial_type	eye_onset
0.4993065383	300	119	5368174
300.5023061421	0	120	5372463
301.0891526779	300	121	0
601.0911464533	0	122	0
