onset	duration	trial_type	eye_onset
0.498643934	300	119	7455995
300.5026393079	0	120	7458250
301.1114968129	300	121	0
601.1135006466	0	122	0
