onset	duration	trial_type	eye_onset
0.4985416876	300	100	3859774
300.5035428898	0	101	3860416
301.3775478861	300	102	0
601.3805474899	0	103	0
