onset	duration	trial_type	eye_onset
0.4993874905	300	119	16181678
300.5013913242	0	120	16184234
301.0851376249	300	121	0
601.0861356301	0	122	0
