onset	duration	trial_type	eye_onset
0.4986056786	300	100	3630275
300.5036068808	0	101	3631957
301.4601020809	300	102	0
601.4621059146	0	103	0
