onset	duration	trial_type	eye_onset
0.1648007503	300	100	12741888
300.1687961241	0	101	12747183
300.7554811226	300	102	0
600.7574849563	0	103	0
