onset	duration	trial_type	eye_onset
0.1822015812	300	100	24817306
300.185201185	0	101	24818072
300.7769792	300	102	0
600.7789830337	0	103	0
