onset	duration	trial_type	eye_onset
0.4988045329	300	119	23784640
300.5018041366	0	120	23789113
301.5444758232	300	121	0
601.5454738284	0	122	0
