onset	duration	trial_type	eye_onset
0.4991681727	300	119	4614630
300.5021677765	0	120	4617615
301.0933997478	300	121	0
601.0943977531	0	122	0
