onset	duration	trial_type	eye_onset
0.1641670784	300	100	1844963
300.1691682806	0	101	1846856
300.7472215273	300	102	0
600.749225361	0	103	0
