onset	duration	trial_type	eye_onset
0.1792343875	300	100	8000598
300.1842355897	0	101	8004593
300.7813257964	300	102	0
600.78332963	0	103	0
