onset	duration	trial_type	eye_onset
0.4991135114	300	119	5241612
300.5011173451	0	120	5244113
301.5471129478	300	121	0
601.5481109531	0	122	0
