onset	duration	trial_type	eye_onset
0.1921291074	300	100	6403360
300.1961244812	0	101	6405513
300.7999153527	300	102	0
600.8019091281	0	103	0
