onset	duration	trial_type	eye_onset
0.498557263	300	119	8332343
300.5015568668	0	120	8335735
301.0988904546	300	121	0
601.0998884599	0	122	0
