onset	duration	trial_type	eye_onset
0.498746662	300	100	127936
300.5027420359	0	101	129585
301.6269898603	300	102	0
601.6289836357	0	103	0
