onset	duration	trial_type	eye_onset
0.1871603152	300	100	16397561
300.191155689	0	101	16405905
300.7946787255	300	102	0
600.7966725008	0	103	0
