onset	duration	trial_type	eye_onset
0.2018957009	300	100	2819003
300.2068969032	0	101	2820778
300.8201826138	300	102	0
600.8231822176	0	103	0
