onset	duration	trial_type	eye_onset
0.4989861203	300	119	7955044
300.5019857241	0	120	7960204
301.1049414294	300	121	0
601.1069352047	0	122	0
