onset	duration	trial_type	eye_onset
0.4986064559	300	119	4684835
300.5026018298	0	120	4686973
301.1310750885	300	121	0
601.1320730938	0	122	0
