onset	duration	trial_type	eye_onset
0.498968775	300	119	18076111
300.5019683788	0	120	18079741
301.0998628521	300	121	0
601.1008608574	0	122	0
