onset	duration	trial_type	eye_onset
0.4985889812	300	119	24538427
300.5015885849	0	120	24541049
301.0967788403	300	121	0
601.0977768456	0	122	0
