onset	duration	trial_type	eye_onset
0.4989076233	300	100	11594513
300.5029029971	0	101	11597553
301.5367141807	300	102	0
601.5397137845	0	103	0
