onset	duration	trial_type	eye_onset
0.4988632164	300	119	6459656
300.5018628201	0	120	6462800
301.1138280056	300	121	0
601.1148260108	0	122	0
